INSERT INTO users (user_id, name, password, role, avatar) values
    ('ce3a891e-eebd-45a6-bbf8-81b71ca22d8b','Gomer228','$2a$10$Ev65eQhNpRhR25wP12Kqau73bIXsxjqWsX8Y4MVfrqE0j10zepXgi','USER',122982),
    ('8d605b4e-a0ab-46d5-b310-2ccb3a032120','checkme','$2a$10$IJs1Riau/6Kgvfx0e7IddeK9HU5VHyKM5tLg7trUerFQo4Ae3LBWC','USER',122988),
    ('381f36e1-896c-4922-8262-608d2293c3ac','Simple Cusomter','$2a$10$X25QoYeQ6E8kOM0hmenG7.AkqGJS42tOv78k.qKbPvPUm7oXqC5su','ADMIN',122980),
    ('54a3bfd5-2983-4577-9bad-b2346876d367','Admin','$2a$10$ha/.cVWBI1cPY0Rm3l1AkeiOIosAIXx8PTG8QSXTt1vJWRSEGbB6u','ADMIN',122994);

INSERT INTO products (product_id, title, description, count, price, creation_time, update_time, version) values
    (1,'Камера портативная', 'Удобная камера для повседневных съёмок' ,489,44,'2024-03-02', '2024-03-02 00:47:26.568000',0),
    (2,'Микрофон', 'Удобный микрофон с шумоизоляцией' ,191,2400,'2024-03-02','2024-03-02 00:58:43.088000',0),
    (3,'Беспроводные наушники','Удобные и качественные наушники' ,385,120,'2024-03-02', '2024-03-02 00:59:34.745000',0),
    (4,'Игровое кресло', 'Для настоящих геймеров',93,1400,'2024-03-02', '2024-03-02 01:00:00.279000',0),
    (5,'Ночник', 'Поможет увидеть самые яркие сны' ,1497,600,'2024-03-02','2024-03-02 01:01:30.195000',0),
    (7,'Наручные часы','Удобные часы',98,100,'2024-03-02','2024-03-02 01:02:57.985000',0),
    (8,'Весы,Бытовые.', 'Напольные приборы для определения массы тела',323,120,'2024-03-02','2024-03-02 01:04:01.807000',0),
    (9,'Тостер','Для самых продвинутых домохозяек',92,20,'2024-03-02','2024-03-02 01:04:27.002000',0),
    (10,'Смарт-часы','Умные часы с приложением вашего телефона',197,240,'2024-03-02', '2024-03-02 01:09:07.958000',0),
    (12,'Микронаушник','Безопасный и качественный. Полностью скрывается',239,1200,'2024-03-02', '2024-03-02 01:07:54.871000',0),
    (13,'Микрофон беспроводной','Для внезапного караоке',96,250,'2024-03-02', '2024-03-02 01:12:20.945000',0),
    (14,'Скоростная зарядка','Рекордное время зарядки вашего устройства',399,240,'2024-03-02', '2024-03-02 01:13:18.282000',0),
    (15,'Телефон Samsung','Телефон',1251,435,'2024-03-02', '2024-03-02 01:23:39.004000',0),
    (16,'Принтер','Принтер домашний',195,1400,'2024-03-02','2024-03-02 01:23:54.876000',0),
    (17,'Яндекс станция','Ваш голосовой помощник',199,120,'2024-03-02','2024-03-02 13:33:50.087000',0),
    (18,'Игровой монитор','Лучший выбор для игроманов',199,1500,'2024-03-02','2024-03-02 13:35:00.326000',0),
    (19,'Колонка портативная','Качественный звук для любого мероприятия',399,270,'2024-03-02','2024-03-02 13:35:44.982000',0),
    (20,'Диффузор','Освежитель воздуха',99,200,'2024-03-02','2024-03-02 13:40:35.613000',0),
    (21,'Игровая клавиатура','Лучший выбор для геймера',196,100,'2024-03-02','2024-03-02 13:42:44.036000',0);

INSERT INTO images (image_id, product_product_id, image) values
    (1,1,122938),
    (2,1,122939),
    (3,2,122940),
    (4,3,122941),
    (5,4,122942),
    (6,4,122943),
    (7,5,122944),
    (8,5,122945),
    (9,5,122946),
    (14,7,122951),
    (15,8,122952),
    (17,8,122954),
    (18,9,122955),
    (19,9,122956),
    (20,10,122957),
    (22,12,122959),
    (23,12,122960),
    (24,13,122961),
    (25,14,122962),
    (26,14,122963),
    (27,14,122964),
    (28,15,122965),
    (29,16,122966),
    (30,17,122967),
    (31,17,122968),
    (32,18,122969),
    (33,18,122970),
    (34,19,122971),
    (35,19,122972),
    (36,20,122973),
    (37,21,122974);

INSERT INTO users_cards (id, money, user_user_id) values
    (1,80840,'ce3a891e-eebd-45a6-bbf8-81b71ca22d8b'),
    (2,20,'381f36e1-896c-4922-8262-608d2293c3ac'),
    (3,89240,'8d605b4e-a0ab-46d5-b310-2ccb3a032120');

INSERT INTO comments (id, product_product_id, user_user_id, comment, date) values
    (1,1,'ce3a891e-eebd-45a6-bbf8-81b71ca22d8b','Круто!','2024-03-03 12:47:04.958000'),
    (2,16,'8d605b4e-a0ab-46d5-b310-2ccb3a032120','Принтер иногда не работает!','2024-03-07 20:54:18.029000'),
    (3,16,'8d605b4e-a0ab-46d5-b310-2ccb3a032120','Купил и пожалел','2024-03-07 20:54:26.823000'),
    (4,2,'8d605b4e-a0ab-46d5-b310-2ccb3a032120','Крутой микрофон!','2024-03-07 20:54:39.553000'),
    (5,15,'8d605b4e-a0ab-46d5-b310-2ccb3a032120','Копия какая-то','2024-03-07 20:54:46.655000'),
    (6,17,'8d605b4e-a0ab-46d5-b310-2ccb3a032120','Дешево и качественно','2024-03-07 20:55:00.331000'),
    (7,8,'8d605b4e-a0ab-46d5-b310-2ccb3a032120','Встал и они сломались(','2024-03-07 20:55:13.771000'),
    (8,14,'54a3bfd5-2983-4577-9bad-b2346876d367','крутой','2024-03-07 20:56:46.756000'),
    (9,12,'54a3bfd5-2983-4577-9bad-b2346876d367','списал экз','2024-03-07 20:56:54.127000'),
    (10,20,'54a3bfd5-2983-4577-9bad-b2346876d367','внезапно работает','2024-03-07 20:57:21.560000'),
    (11,7,'54a3bfd5-2983-4577-9bad-b2346876d367','не работает','2024-03-07 20:57:27.466000');

INSERT INTO users_favorite_products (user_id, product_id) values
    ('54a3bfd5-2983-4577-9bad-b2346876d367',2),
    ('ce3a891e-eebd-45a6-bbf8-81b71ca22d8b',5),
    ('54a3bfd5-2983-4577-9bad-b2346876d367',9),
    ('ce3a891e-eebd-45a6-bbf8-81b71ca22d8b',12),
    ('54a3bfd5-2983-4577-9bad-b2346876d367',13),
    ('ce3a891e-eebd-45a6-bbf8-81b71ca22d8b',13);